{
  "feature_cols": [
    "elevation",
    "slope",
    "aspect",
    "TWI",
    "HAND",
    "NDVI",
    "MNDWI",
    "NDBI",
    "SAR_VV_baseline",
    "dist_river"
  ],
  "best_threshold": 0.45000000000000007,
  "auc": 0.7107269525971911,
  "avg_precision": 0.507883277322273,
  "best_params": {
    "max_depth": 5,
    "learning_rate": 0.033498191887291986,
    "n_estimators": 368,
    "subsample": 0.9702489908377029,
    "colsample_bytree": 0.9556726908859892,
    "scale_pos_weight": 2.9049762440610154,
    "random_state": 42,
    "eval_metric": "auc"
  }
}